Age,CGPA,Attendance_Percentage,Absences,Study_Hours_Per_Day,Previous_Score,Final_Score,Performance_Level
18,7.11,81.1,0,1.2,75.4,54.9,Needs Support
22,8.57,84.3,7,2.0,51.2,63.2,Pass
21,6.45,92.4,13,1.6,77.6,50.9,Needs Support
20,7.53,83.8,0,3.5,63.5,61.9,Pass
20,7.93,78.7,9,4.7,83.8,66.3,Pass
23,8.27,90.9,5,4.2,41.3,71.7,Pass
18,8.37,85.4,6,5.3,60.6,66.8,Pass
22,8.43,94.3,2,1.8,49.8,55.1,Needs Support
19,7.52,83.5,5,4.7,60.1,63.8,Pass
18,7.43,72.2,11,2.0,73.0,46.1,Needs Support
21,8.49,71.1,8,2.4,67.8,57.3,Needs Support
23,7.65,95.2,13,4.5,67.0,59.3,Needs Support
22,6.78,95.8,11,5.9,68.1,50.7,Needs Support
22,6.89,80.6,8,4.1,72.4,48.5,Needs Support
22,7.06,78.9,13,1.3,57.9,47.8,Needs Support
22,8.2,93.7,8,4.1,78.5,65.1,Pass
21,7.91,73.1,9,1.2,78.0,39.9,Needs Support
18,8.35,74.8,5,5.4,74.6,75.1,Pass
23,7.46,87.1,6,4.5,76.7,67.7,Pass
20,7.93,78.8,3,1.9,73.6,58.9,Needs Support
21,8.3,82.0,10,1.5,94.4,53.5,Needs Support
20,7.55,80.7,1,1.9,69.0,68.0,Pass
19,8.17,84.7,9,5.9,66.3,69.1,Pass
23,7.27,93.3,5,3.3,61.0,76.1,Pass
22,7.51,82.7,11,4.9,57.6,60.3,Pass
21,7.49,87.2,9,4.2,55.1,60.8,Pass
20,6.84,65.6,13,3.9,59.3,46.1,Needs Support
22,8.19,81.6,9,1.7,69.2,62.8,Pass
21,7.42,75.3,0,5.7,74.0,75.4,Pass
20,7.81,72.2,6,2.5,70.6,66.7,Pass
20,8.18,75.0,1,3.9,60.8,64.7,Pass
19,8.16,79.3,4,4.5,80.8,67.8,Pass
18,8.33,89.3,12,4.2,78.9,61.5,Pass
21,7.72,71.4,9,5.7,68.1,66.9,Pass
23,7.46,82.2,3,1.7,62.2,68.3,Pass
18,7.74,78.1,2,3.5,76.6,64.6,Pass
23,6.45,79.4,6,3.0,72.3,52.9,Needs Support
22,6.64,90.0,1,3.4,52.6,62.7,Pass
19,6.74,86.3,3,1.6,69.2,56.1,Needs Support
21,7.0,92.7,7,1.7,73.1,62.7,Pass
18,8.12,80.8,11,2.4,59.2,41.5,Needs Support
22,7.08,76.4,8,2.5,72.3,49.9,Needs Support
22,7.5,80.2,0,3.1,52.5,58.7,Needs Support
20,8.84,83.9,7,4.1,86.0,57.7,Needs Support
18,7.51,83.4,6,4.2,85.0,60.4,Pass
23,8.39,73.3,8,3.1,67.0,55.2,Needs Support
20,7.05,82.7,12,3.0,74.4,52.3,Needs Support
23,7.64,83.8,0,2.1,41.1,67.1,Pass
22,7.04,100.0,4,3.9,56.1,62.1,Pass
22,7.53,97.0,8,2.6,66.5,54.0,Needs Support
22,8.47,75.2,0,1.2,57.1,63.2,Pass
19,6.42,79.7,12,3.1,78.6,57.0,Needs Support
20,8.15,70.3,7,3.4,94.0,59.6,Needs Support
20,7.99,77.3,9,2.1,55.9,49.1,Needs Support
20,7.32,84.5,4,3.9,60.0,65.7,Pass
18,6.64,91.6,9,3.8,72.8,56.4,Needs Support
21,7.86,76.2,10,4.5,89.3,67.8,Pass
18,7.38,76.8,7,4.2,55.3,58.0,Needs Support
22,7.99,64.8,7,4.3,73.0,66.0,Pass
22,7.82,80.7,7,2.6,91.9,57.7,Needs Support
23,9.08,73.5,3,4.9,50.2,70.1,Pass
22,7.61,77.8,5,3.7,54.6,58.9,Needs Support
20,6.98,75.0,5,3.2,64.9,49.8,Needs Support
23,7.94,81.2,8,4.1,63.8,52.6,Needs Support
20,7.98,67.9,10,2.8,79.8,61.5,Pass
19,8.89,70.3,2,3.6,72.9,68.6,Pass
23,8.47,99.0,5,4.7,48.7,63.4,Pass
20,8.09,71.7,12,5.4,76.2,61.2,Pass
18,8.97,73.2,3,5.6,63.1,80.2,Pass
20,6.85,96.7,3,3.5,85.3,53.6,Needs Support
22,7.29,100.0,7,3.6,62.5,53.2,Needs Support
19,7.06,72.6,9,5.0,62.4,51.1,Needs Support
20,7.49,79.1,6,2.6,76.5,68.9,Pass
18,6.7,84.7,11,5.2,79.2,60.5,Pass
22,8.31,95.8,9,3.5,75.4,70.9,Pass
20,7.62,74.1,9,1.6,49.8,43.0,Needs Support
19,6.62,80.0,8,1.4,76.5,44.8,Needs Support
19,6.99,88.2,15,5.2,57.6,55.7,Needs Support
21,8.05,85.5,5,1.3,72.8,62.0,Pass
22,8.47,79.0,0,2.4,52.9,69.6,Pass
23,9.4,80.9,12,2.7,75.4,62.6,Pass
20,10.0,71.0,4,1.9,60.3,69.8,Pass
18,8.13,80.1,6,2.6,54.6,60.5,Pass
22,7.01,79.9,11,4.7,78.6,62.8,Pass
21,6.09,83.9,0,1.1,72.9,61.3,Pass
22,8.01,77.6,1,5.1,62.6,60.8,Pass
18,7.15,85.8,0,5.3,87.4,60.3,Pass
19,7.47,90.1,3,2.9,64.7,69.8,Pass
22,7.31,83.2,8,1.8,70.4,62.4,Pass
22,7.69,84.8,8,4.0,73.2,56.7,Needs Support
20,8.65,82.4,7,1.6,62.6,49.6,Needs Support
22,7.93,82.0,0,2.8,75.7,69.9,Pass
23,7.67,76.2,0,5.8,63.6,76.9,Pass
20,6.97,84.5,6,6.0,65.1,75.0,Pass
23,6.46,81.2,4,4.9,86.4,67.6,Pass
19,7.41,98.7,8,2.6,57.5,56.1,Needs Support
19,7.76,94.6,9,4.4,41.0,53.9,Needs Support
22,9.21,85.1,7,4.5,89.3,75.4,Pass
21,7.9,75.9,9,2.9,95.0,60.9,Pass
18,8.59,73.1,7,4.2,65.1,58.7,Needs Support
22,7.4,91.5,8,1.1,46.8,63.9,Pass
19,6.85,84.1,3,2.0,66.3,68.9,Pass
22,7.03,85.8,5,3.6,66.6,67.7,Pass
18,7.22,68.0,7,1.8,67.7,46.9,Needs Support
22,9.5,89.4,9,1.8,56.6,68.8,Pass
22,7.14,85.6,4,5.2,77.0,71.5,Pass
22,8.47,73.1,8,5.9,76.3,71.8,Pass
21,7.08,78.2,5,3.8,52.1,64.8,Pass
20,8.55,84.1,6,5.2,78.4,76.2,Pass
22,8.11,82.4,9,6.0,94.6,76.0,Pass
19,7.67,79.7,0,1.7,72.1,68.3,Pass
22,7.77,81.2,1,3.2,66.0,68.6,Pass
21,7.28,80.0,0,3.0,68.3,54.0,Needs Support
20,8.16,83.2,0,1.4,77.4,68.3,Pass
21,7.44,93.8,3,4.8,49.2,62.5,Pass
21,6.82,61.5,9,3.2,72.0,43.3,Needs Support
18,6.78,80.1,5,3.3,65.3,67.8,Pass
18,7.94,83.4,7,1.8,92.2,73.6,Pass
19,9.06,84.4,10,1.9,67.9,69.9,Pass
18,7.93,79.0,11,5.5,90.0,67.8,Pass